observation_id,listing_id,date,price_inr,in_stock,shipping_cost_inr,is_local_quote,sku_id,retailer_id,chipset,brand,model_name,vram_gb,msrp_inr,is_reference_spec,total_effective_price_inr,msrp_premium_ratio,ref_sku_daily_price_inr,premium_over_reference,price_lag_1d,price_diff_lag_1d,price_lag_3d,price_diff_lag_3d,price_lag_7d,price_diff_lag_7d,price_lag_14d,price_diff_lag_14d,rolling_median_3d,rolling_std_3d,price_volatility_3d,rolling_median_7d,rolling_std_7d,price_volatility_7d,rolling_median_14d,rolling_std_14d,price_volatility_14d,usd_inr_rate,crypto_mining_index,silicon_supply_index,import_duty_rate
OBS-1008,LST-5060TI-16G-ASUS-MD,2026-06-01,64200,True,0,False,RTX5060TI-16G-ASUS-DUAL,MDCOMPUTERS,RTX 5060 Ti,ASUS,ASUS Dual GeForce RTX 5060 Ti 16GB GDDR7 OC Edition,16,49999,False,64200,1.284,81500.0,0.7877,,,,,,,,,,0.0,0.0,,0.0,0.0,,0.0,0.0,83.5,50.2,100.0,0.18
OBS-1009,LST-5060TI-16G-ASUS-PRIME,2026-06-01,64600,True,250,False,RTX5060TI-16G-ASUS-DUAL,PRIMEABGB,RTX 5060 Ti,ASUS,ASUS Dual GeForce RTX 5060 Ti 16GB GDDR7 OC Edition,16,49999,False,64850,1.297,81500.0,0.7957,64200.0,650.0,,,,,,,64200.0,0.0,0.0,64200.0,0.0,0.0,64200.0,0.0,0.0,83.5,50.2,100.0,0.18
OBS-1021,LST-5060TI-16G-ASUS-MD,2026-06-05,66200,True,0,False,RTX5060TI-16G-ASUS-DUAL,MDCOMPUTERS,RTX 5060 Ti,ASUS,ASUS Dual GeForce RTX 5060 Ti 16GB GDDR7 OC Edition,16,49999,False,66200,1.324,84000.0,0.7881,64850.0,1350.0,,,,,,,64525.0,459.6194077712559,0.0071,64525.0,459.6194077712559,0.0071,64525.0,459.6194077712559,0.0071,83.55,51.1,99.5,0.18
OBS-1022,LST-5060TI-16G-ASUS-PRIME,2026-06-05,66600,True,250,False,RTX5060TI-16G-ASUS-DUAL,PRIMEABGB,RTX 5060 Ti,ASUS,ASUS Dual GeForce RTX 5060 Ti 16GB GDDR7 OC Edition,16,49999,False,66850,1.337,84000.0,0.7958,66200.0,650.0,64200.0,2650.0,,,,,64850.0,1020.2123961868584,0.0157,64850.0,1020.2123961868584,0.0157,64850.0,1020.2123961868584,0.0157,83.55,51.1,99.5,0.18
OBS-1034,LST-5060TI-16G-ASUS-MD,2026-06-10,68800,True,0,False,RTX5060TI-16G-ASUS-DUAL,MDCOMPUTERS,RTX 5060 Ti,ASUS,ASUS Dual GeForce RTX 5060 Ti 16GB GDDR7 OC Edition,16,49999,False,68800,1.376,87500.0,0.7863,66850.0,1950.0,64850.0,3950.0,,,,,66200.0,1020.212396186856,0.0154,65525.0,1214.1526537740895,0.0185,65525.0,1214.1526537740895,0.0185,83.62,49.8,99.1,0.18
OBS-1035,LST-5060TI-16G-ASUS-PRIME,2026-06-10,69200,True,250,False,RTX5060TI-16G-ASUS-DUAL,PRIMEABGB,RTX 5060 Ti,ASUS,ASUS Dual GeForce RTX 5060 Ti 16GB GDDR7 OC Edition,16,49999,False,69450,1.389,87500.0,0.7937,68800.0,650.0,66200.0,3250.0,,,,,66850.0,1353.0828996529842,0.0202,66200.0,1802.9836383062377,0.0272,66200.0,1802.9836383062377,0.0272,83.62,49.8,99.1,0.18
OBS-1047,LST-5060TI-16G-ASUS-MD,2026-06-15,71800,True,0,False,RTX5060TI-16G-ASUS-DUAL,MDCOMPUTERS,RTX 5060 Ti,ASUS,ASUS Dual GeForce RTX 5060 Ti 16GB GDDR7 OC Edition,16,49999,False,71800,1.436,91200.0,0.7873,69450.0,2350.0,66850.0,4950.0,,,,,68800.0,1353.0828996529842,0.0197,66525.0,2093.501850966461,0.0315,66525.0,2093.501850966461,0.0315,83.7,52.4,98.6,0.18
OBS-1048,LST-5060TI-16G-ASUS-PRIME,2026-06-15,72200,True,250,False,RTX5060TI-16G-ASUS-DUAL,PRIMEABGB,RTX 5060 Ti,ASUS,ASUS Dual GeForce RTX 5060 Ti 16GB GDDR7 OC Edition,16,49999,False,72450,1.449,91200.0,0.7944,71800.0,650.0,68800.0,3650.0,64200.0,8250.0,,,69450.0,1578.2374134880076,0.0227,66850.0,2707.7050553312974,0.0405,66850.0,2707.7050553312974,0.0405,83.7,52.4,98.6,0.18
OBS-1060,LST-5060TI-16G-ASUS-MD,2026-06-20,74900,True,0,False,RTX5060TI-16G-ASUS-DUAL,MDCOMPUTERS,RTX 5060 Ti,ASUS,ASUS Dual GeForce RTX 5060 Ti 16GB GDDR7 OC Edition,16,49999,False,74900,1.498,95000.0,0.7884,72450.0,2450.0,69450.0,5450.0,64850.0,10050.0,,,71800.0,1578.2374134880076,0.022,68800.0,2849.1017799266037,0.0414,67825.0,3067.4559025820913,0.0452,83.78,51.0,98.2,0.18
OBS-1061,LST-5060TI-16G-ASUS-PRIME,2026-06-20,75300,True,250,False,RTX5060TI-16G-ASUS-DUAL,PRIMEABGB,RTX 5060 Ti,ASUS,ASUS Dual GeForce RTX 5060 Ti 16GB GDDR7 OC Edition,16,49999,False,75550,1.511,95000.0,0.7953,74900.0,650.0,71800.0,3750.0,66200.0,9350.0,,,72450.0,1634.7782724271783,0.0226,69450.0,3144.5341845963762,0.0453,68800.0,3661.796007425865,0.0532,83.78,51.0,98.2,0.18
OBS-1073,LST-5060TI-16G-ASUS-MD,2026-06-25,78000,True,0,False,RTX5060TI-16G-ASUS-DUAL,MDCOMPUTERS,RTX 5060 Ti,ASUS,ASUS Dual GeForce RTX 5060 Ti 16GB GDDR7 OC Edition,16,49999,False,78000,1.56,98900.0,0.7887,75550.0,2450.0,72450.0,5550.0,66850.0,11150.0,,,74900.0,1634.7782724271783,0.0218,71800.0,3214.5502536643066,0.0448,69125.0,4053.424478141909,0.0586,83.85,48.9,97.8,0.18
OBS-1074,LST-5060TI-16G-ASUS-PRIME,2026-06-25,78400,True,250,False,RTX5060TI-16G-ASUS-DUAL,PRIMEABGB,RTX 5060 Ti,ASUS,ASUS Dual GeForce RTX 5060 Ti 16GB GDDR7 OC Edition,16,49999,False,78650,1.573,98900.0,0.7952,78000.0,650.0,74900.0,3750.0,68800.0,9850.0,,,75550.0,1634.7782724271783,0.0216,72450.0,3344.077921170055,0.0462,69450.0,4620.355161476424,0.0665,83.85,48.9,97.8,0.18
OBS-1086,LST-5060TI-16G-ASUS-MD,2026-06-30,81200,True,0,False,RTX5060TI-16G-ASUS-DUAL,MDCOMPUTERS,RTX 5060 Ti,ASUS,ASUS Dual GeForce RTX 5060 Ti 16GB GDDR7 OC Edition,16,49999,False,81200,1.624,102800.0,0.7899,78650.0,2550.0,75550.0,5650.0,69450.0,11750.0,,,78000.0,1634.7782724271783,0.021,74900.0,3358.074845304457,0.0448,70625.0,5024.824736880248,0.0711,83.92,50.5,97.2,0.18
OBS-1087,LST-5060TI-16G-ASUS-PRIME,2026-06-30,81600,True,250,False,RTX5060TI-16G-ASUS-DUAL,PRIMEABGB,RTX 5060 Ti,ASUS,ASUS Dual GeForce RTX 5060 Ti 16GB GDDR7 OC Edition,16,49999,False,81850,1.637,102800.0,0.7962,81200.0,650.0,78000.0,3850.0,71800.0,10050.0,,,78650.0,1691.3998147491118,0.0215,75550.0,3407.6943748494864,0.0451,71800.0,5584.545409959296,0.0778,83.92,50.5,97.2,0.18
OBS-1099,LST-5060TI-16G-ASUS-MD,2026-07-05,83500,True,0,False,RTX5060TI-16G-ASUS-DUAL,MDCOMPUTERS,RTX 5060 Ti,ASUS,ASUS Dual GeForce RTX 5060 Ti 16GB GDDR7 OC Edition,16,49999,False,83500,1.67,105800.0,0.7892,81850.0,1650.0,78650.0,4850.0,72450.0,11050.0,64200.0,19300.0,81200.0,1691.3998147491118,0.0208,78000.0,3421.7094029293453,0.0439,72125.0,6004.825211792248,0.0833,84.0,52.0,96.8,0.18
OBS-1100,LST-5060TI-16G-ASUS-PRIME,2026-07-05,83900,True,250,False,RTX5060TI-16G-ASUS-DUAL,PRIMEABGB,RTX 5060 Ti,ASUS,ASUS Dual GeForce RTX 5060 Ti 16GB GDDR7 OC Edition,16,49999,False,84150,1.683,105800.0,0.7954,83500.0,650.0,81200.0,2950.0,74900.0,9250.0,64850.0,19300.0,81850.0,1185.6784274554916,0.0145,78650.0,3240.0396822966495,0.0412,73675.0,6170.312876103687,0.0838,84.0,52.0,96.8,0.18
OBS-1112,LST-5060TI-16G-ASUS-MD,2026-07-10,85200,True,0,False,RTX5060TI-16G-ASUS-DUAL,MDCOMPUTERS,RTX 5060 Ti,ASUS,ASUS Dual GeForce RTX 5060 Ti 16GB GDDR7 OC Edition,16,49999,False,85200,1.704,108000.0,0.7889,84150.0,1050.0,81850.0,3350.0,75550.0,9650.0,66200.0,19000.0,83500.0,1185.6784274554916,0.0142,81200.0,3129.39215153599,0.0385,75225.0,6158.270816596929,0.0819,84.08,51.2,96.3,0.18
OBS-1113,LST-5060TI-16G-ASUS-PRIME,2026-07-10,85600,True,250,False,RTX5060TI-16G-ASUS-DUAL,PRIMEABGB,RTX 5060 Ti,ASUS,ASUS Dual GeForce RTX 5060 Ti 16GB GDDR7 OC Edition,16,49999,False,85850,1.717,108000.0,0.7949,85200.0,650.0,83500.0,2350.0,78000.0,7850.0,66850.0,19000.0,84150.0,857.807282163847,0.0102,81850.0,2729.3815800513457,0.0333,76775.0,6106.348030020582,0.0795,84.08,51.2,96.3,0.18
OBS-1125,LST-5060TI-16G-ASUS-MD,2026-07-15,86500,True,0,False,RTX5060TI-16G-ASUS-DUAL,MDCOMPUTERS,RTX 5060 Ti,ASUS,ASUS Dual GeForce RTX 5060 Ti 16GB GDDR7 OC Edition,16,49999,False,86500,1.73,109800.0,0.7878,85850.0,650.0,84150.0,2350.0,78650.0,7850.0,68800.0,17700.0,85200.0,857.807282163847,0.0101,83500.0,2515.5705591565056,0.0301,78325.0,5880.785671140387,0.0751,84.15,49.7,95.9,0.18
OBS-1126,LST-5060TI-16G-ASUS-PRIME,2026-07-15,86900,True,250,False,RTX5060TI-16G-ASUS-DUAL,PRIMEABGB,RTX 5060 Ti,ASUS,ASUS Dual GeForce RTX 5060 Ti 16GB GDDR7 OC Edition,16,49999,False,87150,1.743,109800.0,0.7937,86500.0,650.0,85200.0,1950.0,81200.0,5950.0,69450.0,17700.0,85850.0,649.9999999999918,0.0076,84150.0,1993.2624609155064,0.0237,79925.0,5660.00160175491,0.0708,84.15,49.7,95.9,0.18
OBS-1138,LST-5060TI-16G-ASUS-MD,2026-07-20,87400,True,0,False,RTX5060TI-16G-ASUS-DUAL,MDCOMPUTERS,RTX 5060 Ti,ASUS,ASUS Dual GeForce RTX 5060 Ti 16GB GDDR7 OC Edition,16,49999,False,87400,1.748,111000.0,0.7874,87150.0,250.0,85850.0,1550.0,81850.0,5550.0,71800.0,15600.0,86500.0,649.9999999999918,0.0075,85200.0,1845.6512594280196,0.0217,81525.0,5273.978469912345,0.0647,84.22,50.8,95.4,0.18
OBS-1139,LST-5060TI-16G-ASUS-PRIME,2026-07-20,87800,True,250,False,RTX5060TI-16G-ASUS-DUAL,PRIMEABGB,RTX 5060 Ti,ASUS,ASUS Dual GeForce RTX 5060 Ti 16GB GDDR7 OC Edition,16,49999,False,88050,1.761,111000.0,0.7932,87400.0,650.0,86500.0,1550.0,83500.0,4550.0,72450.0,15600.0,87150.0,464.5786621588654,0.0053,85850.0,1480.106173797649,0.0172,82675.0,4935.64212507484,0.0597,84.22,50.8,95.4,0.18
OBS-1151,LST-5060TI-16G-ASUS-MD,2026-07-25,88000,True,0,False,RTX5060TI-16G-ASUS-DUAL,MDCOMPUTERS,RTX 5060 Ti,ASUS,ASUS Dual GeForce RTX 5060 Ti 16GB GDDR7 OC Edition,16,49999,False,88000,1.76,112000.0,0.7857,88050.0,-50.0,87150.0,850.0,84150.0,3850.0,74900.0,13100.0,87400.0,464.5786621588654,0.0053,86500.0,1357.957149194046,0.0157,83825.0,4448.819142001832,0.0531,84.3,51.9,94.9,0.18
OBS-1152,LST-5060TI-16G-ASUS-PRIME,2026-07-25,88400,True,250,False,RTX5060TI-16G-ASUS-DUAL,PRIMEABGB,RTX 5060 Ti,ASUS,ASUS Dual GeForce RTX 5060 Ti 16GB GDDR7 OC Edition,16,49999,False,88650,1.773,112000.0,0.7915,88000.0,650.0,87400.0,1250.0,85200.0,3450.0,75550.0,13100.0,88000.0,361.70890690349603,0.0041,87150.0,1079.682493010729,0.0124,84675.0,4038.348114576763,0.0477,84.3,51.9,94.9,0.18
OBS-1164,LST-5060TI-16G-ASUS-MD,2026-07-30,88500,True,0,False,RTX5060TI-16G-ASUS-DUAL,MDCOMPUTERS,RTX 5060 Ti,ASUS,ASUS Dual GeForce RTX 5060 Ti 16GB GDDR7 OC Edition,16,49999,False,88500,1.77,112500.0,0.7867,88650.0,-150.0,88050.0,450.0,85850.0,2650.0,78000.0,10500.0,88050.0,361.70890690349603,0.0041,87400.0,967.323258127209,0.0111,85525.0,3499.8135743129646,0.0409,84.38,50.1,94.5,0.18
OBS-1165,LST-5060TI-16G-ASUS-PRIME,2026-07-30,88900,True,250,False,RTX5060TI-16G-ASUS-DUAL,PRIMEABGB,RTX 5060 Ti,ASUS,ASUS Dual GeForce RTX 5060 Ti 16GB GDDR7 OC Edition,16,49999,False,89150,1.783,112500.0,0.7924,88500.0,650.0,88000.0,1150.0,86500.0,2650.0,78650.0,10500.0,88500.0,340.34296427768714,0.0038,88000.0,771.3624310267718,0.0088,86175.0,3080.747108617163,0.0357,84.38,50.1,94.5,0.18
OBS-1013,LST-5060TI-16G-EAGLE-LOCAL,2026-06-01,59200,True,500,True,RTX5060TI-16G-GIGA-EAGLE,LOCAL_VENDOR_QUOTE,RTX 5060 Ti,Gigabyte,Gigabyte Eagle Max GeForce RTX 5060 Ti 16GB GDDR7 OC Triple Fan,16,51999,False,59700,1.1481,81500.0,0.7325,,,,,,,,,,0.0,0.0,,0.0,0.0,,0.0,0.0,83.5,50.2,100.0,0.18
OBS-1012,LST-5060TI-16G-EAGLE-PRIME,2026-06-01,60500,True,250,False,RTX5060TI-16G-GIGA-EAGLE,PRIMEABGB,RTX 5060 Ti,Gigabyte,Gigabyte Eagle Max GeForce RTX 5060 Ti 16GB GDDR7 OC Triple Fan,16,51999,False,60750,1.1683,81500.0,0.7454,59700.0,1050.0,,,,,,,59700.0,0.0,0.0,59700.0,0.0,0.0,59700.0,0.0,0.0,83.5,50.2,100.0,0.18
OBS-1026,LST-5060TI-16G-EAGLE-LOCAL,2026-06-05,60900,True,500,True,RTX5060TI-16G-GIGA-EAGLE,LOCAL_VENDOR_QUOTE,RTX 5060 Ti,Gigabyte,Gigabyte Eagle Max GeForce RTX 5060 Ti 16GB GDDR7 OC Triple Fan,16,51999,False,61400,1.1808,84000.0,0.731,60750.0,650.0,,,,,,,60225.0,742.4621202458749,0.0123,60225.0,742.4621202458749,0.0123,60225.0,742.4621202458749,0.0123,83.55,51.1,99.5,0.18
OBS-1025,LST-5060TI-16G-EAGLE-PRIME,2026-06-05,62200,True,250,False,RTX5060TI-16G-GIGA-EAGLE,PRIMEABGB,RTX 5060 Ti,Gigabyte,Gigabyte Eagle Max GeForce RTX 5060 Ti 16GB GDDR7 OC Triple Fan,16,51999,False,62450,1.201,84000.0,0.7435,61400.0,1050.0,59700.0,2750.0,,,,,60750.0,857.8072821638522,0.0141,60750.0,857.8072821638522,0.0141,60750.0,857.8072821638522,0.0141,83.55,51.1,99.5,0.18
OBS-1039,LST-5060TI-16G-EAGLE-LOCAL,2026-06-10,63200,True,500,True,RTX5060TI-16G-GIGA-EAGLE,LOCAL_VENDOR_QUOTE,RTX 5060 Ti,Gigabyte,Gigabyte Eagle Max GeForce RTX 5060 Ti 16GB GDDR7 OC Triple Fan,16,51999,False,63700,1.225,87500.0,0.728,62450.0,1250.0,60750.0,2950.0,,,,,61400.0,857.8072821638522,0.014,61075.0,1153.6174987114819,0.0189,61075.0,1153.6174987114819,0.0189,83.62,49.8,99.1,0.18
OBS-1038,LST-5060TI-16G-EAGLE-PRIME,2026-06-10,64500,True,250,False,RTX5060TI-16G-GIGA-EAGLE,PRIMEABGB,RTX 5060 Ti,Gigabyte,Gigabyte Eagle Max GeForce RTX 5060 Ti 16GB GDDR7 OC Triple Fan,16,51999,False,64750,1.2452,87500.0,0.74,63700.0,1050.0,61400.0,3350.0,,,,,62450.0,1151.4483632943927,0.0184,61400.0,1541.5090009468001,0.0251,61400.0,1541.5090009468001,0.0251,83.62,49.8,99.1,0.18
OBS-1052,LST-5060TI-16G-EAGLE-LOCAL,2026-06-15,65900,True,500,True,RTX5060TI-16G-GIGA-EAGLE,LOCAL_VENDOR_QUOTE,RTX 5060 Ti,Gigabyte,Gigabyte Eagle Max GeForce RTX 5060 Ti 16GB GDDR7 OC Triple Fan,16,51999,False,66400,1.2769,91200.0,0.7281,64750.0,1650.0,62450.0,3950.0,,,,,63700.0,1151.4483632943927,0.0181,61925.0,1885.4044658905425,0.0304,61925.0,1885.4044658905425,0.0304,83.7,52.4,98.6,0.18
OBS-1051,LST-5060TI-16G-EAGLE-PRIME,2026-06-15,67200,True,250,False,RTX5060TI-16G-GIGA-EAGLE,PRIMEABGB,RTX 5060 Ti,Gigabyte,Gigabyte Eagle Max GeForce RTX 5060 Ti 16GB GDDR7 OC Triple Fan,16,51999,False,67450,1.2971,91200.0,0.7396,66400.0,1050.0,63700.0,3750.0,59700.0,7750.0,,,64750.0,1361.06575888162,0.021,62450.0,2360.7404004030686,0.0378,62450.0,2360.7404004030686,0.0378,83.7,52.4,98.6,0.18
OBS-1065,LST-5060TI-16G-EAGLE-LOCAL,2026-06-20,68800,True,500,True,RTX5060TI-16G-GIGA-EAGLE,LOCAL_VENDOR_QUOTE,RTX 5060 Ti,Gigabyte,Gigabyte Eagle Max GeForce RTX 5060 Ti 16GB GDDR7 OC Triple Fan,16,51999,False,69300,1.3327,95000.0,0.7295,67450.0,1850.0,64750.0,4550.0,60750.0,8550.0,,,66400.0,1361.06575888162,0.0205,63700.0,2512.2082867848535,0.0394,63075.0,2748.6360253769512,0.0436,83.78,51.0,98.2,0.18
OBS-1064,LST-5060TI-16G-EAGLE-PRIME,2026-06-20,70100,True,250,False,RTX5060TI-16G-GIGA-EAGLE,PRIMEABGB,RTX 5060 Ti,Gigabyte,Gigabyte Eagle Max GeForce RTX 5060 Ti 16GB GDDR7 OC Triple Fan,16,51999,False,70350,1.3529,95000.0,0.7405,69300.0,1050.0,66400.0,3950.0,61400.0,8950.0,,,67450.0,1468.2756326157999,0.0218,64750.0,2817.7583119852434,0.0435,63700.0,3252.285521154487,0.0511,83.78,51.0,98.2,0.18
OBS-1078,LST-5060TI-16G-EAGLE-LOCAL,2026-06-25,71700,True,500,True,RTX5060TI-16G-GIGA-EAGLE,LOCAL_VENDOR_QUOTE,RTX 5060 Ti,Gigabyte,Gigabyte Eagle Max GeForce RTX 5060 Ti 16GB GDDR7 OC Triple Fan,16,51999,False,72200,1.3885,98900.0,0.73,70350.0,1850.0,67450.0,4750.0,62450.0,9750.0,,,69300.0,1468.2756326157999,0.0212,66400.0,2907.0931316678693,0.0438,64225.0,3667.215867960628,0.0571,83.85,48.9,97.8,0.18
OBS-1077,LST-5060TI-16G-EAGLE-PRIME,2026-06-25,73000,True,250,False,RTX5060TI-16G-GIGA-EAGLE,PRIMEABGB,RTX 5060 Ti,Gigabyte,Gigabyte Eagle Max GeForce RTX 5060 Ti 16GB GDDR7 OC Triple Fan,16,51999,False,73250,1.4087,98900.0,0.7406,72200.0,1050.0,69300.0,3950.0,63700.0,9550.0,,,70350.0,1468.2756326157999,0.0209,67450.0,3062.639695550542,0.0454,64750.0,4161.735870348509,0.0643,83.85,48.9,97.8,0.18
OBS-1091,LST-5060TI-16G-EAGLE-LOCAL,2026-06-30,74600,True,500,True,RTX5060TI-16G-GIGA-EAGLE,LOCAL_VENDOR_QUOTE,RTX 5060 Ti,Gigabyte,Gigabyte Eagle Max GeForce RTX 5060 Ti 16GB GDDR7 OC Triple Fan,16,51999,False,75100,1.4443,102800.0,0.7305,73250.0,1850.0,70350.0,4750.0,64750.0,10350.0,,,72200.0,1468.2756326157999,0.0203,69300.0,3092.1944742636497,0.0446,65575.0,4581.955715829015,0.0699,83.92,50.5,97.2,0.18
OBS-1090,LST-5060TI-16G-EAGLE-PRIME,2026-06-30,75900,True,250,False,RTX5060TI-16G-GIGA-EAGLE,PRIMEABGB,RTX 5060 Ti,Gigabyte,Gigabyte Eagle Max GeForce RTX 5060 Ti 16GB GDDR7 OC Triple Fan,16,51999,False,76150,1.4645,102800.0,0.7408,75100.0,1050.0,72200.0,3950.0,66400.0,9750.0,,,73250.0,1468.2756326157999,0.02,70350.0,3139.646628584321,0.0446,66400.0,5064.5670835313995,0.0763,83.92,50.5,97.2,0.18
OBS-1104,LST-5060TI-16G-EAGLE-LOCAL,2026-07-05,76500,True,500,True,RTX5060TI-16G-GIGA-EAGLE,LOCAL_VENDOR_QUOTE,RTX 5060 Ti,Gigabyte,Gigabyte Eagle Max GeForce RTX 5060 Ti 16GB GDDR7 OC Triple Fan,16,51999,False,77000,1.4808,105800.0,0.7278,76150.0,850.0,73250.0,3750.0,67450.0,9550.0,59700.0,17300.0,75100.0,1468.2756326157999,0.0196,72200.0,3139.646628584321,0.0435,66925.0,5485.136008611548,0.082,84.0,52.0,96.8,0.18
OBS-1103,LST-5060TI-16G-EAGLE-PRIME,2026-07-05,77800,True,250,False,RTX5060TI-16G-GIGA-EAGLE,PRIMEABGB,RTX 5060 Ti,Gigabyte,Gigabyte Eagle Max GeForce RTX 5060 Ti 16GB GDDR7 OC Triple Fan,16,51999,False,78050,1.501,105800.0,0.7377,77000.0,1050.0,75100.0,2950.0,69300.0,8750.0,60750.0,17300.0,76150.0,951.7527690179506,0.0125,73250.0,2914.2915499474625,0.0398,68375.0,5576.226273255904,0.0816,84.0,52.0,96.8,0.18
OBS-1117,LST-5060TI-16G-EAGLE-LOCAL,2026-07-10,77900,True,500,True,RTX5060TI-16G-GIGA-EAGLE,LOCAL_VENDOR_QUOTE,RTX 5060 Ti,Gigabyte,Gigabyte Eagle Max GeForce RTX 5060 Ti 16GB GDDR7 OC Triple Fan,16,51999,False,78400,1.5077,108000.0,0.7259,78050.0,350.0,76150.0,2250.0,70350.0,8050.0,61400.0,17000.0,77000.0,951.7527690179506,0.0124,75100.0,2767.6274866321573,0.0369,69825.0,5622.063335986718,0.0805,84.08,51.2,96.3,0.18
OBS-1116,LST-5060TI-16G-EAGLE-PRIME,2026-07-10,79200,True,250,False,RTX5060TI-16G-GIGA-EAGLE,PRIMEABGB,RTX 5060 Ti,Gigabyte,Gigabyte Eagle Max GeForce RTX 5060 Ti 16GB GDDR7 OC Triple Fan,16,51999,False,79450,1.5279,108000.0,0.7356,78400.0,1050.0,77000.0,2450.0,72200.0,7250.0,62450.0,17000.0,78050.0,728.5830998131448,0.0093,76150.0,2356.146975769654,0.0309,71275.0,5496.893478328266,0.0771,84.08,51.2,96.3,0.18
OBS-1130,LST-5060TI-16G-EAGLE-LOCAL,2026-07-15,79200,True,500,True,RTX5060TI-16G-GIGA-EAGLE,LOCAL_VENDOR_QUOTE,RTX 5060 Ti,Gigabyte,Gigabyte Eagle Max GeForce RTX 5060 Ti 16GB GDDR7 OC Triple Fan,16,51999,False,79700,1.5327,109800.0,0.7259,79450.0,250.0,78050.0,1650.0,73250.0,6450.0,63700.0,16000.0,78400.0,728.5830998131448,0.0093,77000.0,2125.0210082994945,0.0276,72725.0,5328.640477707163,0.0733,84.15,49.7,95.9,0.18
OBS-1129,LST-5060TI-16G-EAGLE-PRIME,2026-07-15,80500,True,250,False,RTX5060TI-16G-GIGA-EAGLE,PRIMEABGB,RTX 5060 Ti,Gigabyte,Gigabyte Eagle Max GeForce RTX 5060 Ti 16GB GDDR7 OC Triple Fan,16,51999,False,80750,1.5529,109800.0,0.7354,79700.0,1050.0,78400.0,2350.0,75100.0,5650.0,64750.0,16000.0,79450.0,689.8067362191637,0.0087,78050.0,1699.369631027066,0.0218,74175.0,5062.131820826913,0.0682,84.15,49.7,95.9,0.18
OBS-1143,LST-5060TI-16G-EAGLE-LOCAL,2026-07-20,79900,True,500,True,RTX5060TI-16G-GIGA-EAGLE,LOCAL_VENDOR_QUOTE,RTX 5060 Ti,Gigabyte,Gigabyte Eagle Max GeForce RTX 5060 Ti 16GB GDDR7 OC Triple Fan,16,51999,False,80400,1.5462,111000.0,0.7243,80750.0,-350.0,79450.0,950.0,76150.0,4250.0,66400.0,14000.0,79700.0,689.8067362191637,0.0087,78400.0,1601.5617378046725,0.0204,75625.0,4756.824189900878,0.0629,84.22,50.8,95.4,0.18
OBS-1142,LST-5060TI-16G-EAGLE-PRIME,2026-07-20,81200,True,250,False,RTX5060TI-16G-GIGA-EAGLE,PRIMEABGB,RTX 5060 Ti,Gigabyte,Gigabyte Eagle Max GeForce RTX 5060 Ti 16GB GDDR7 OC Triple Fan,16,51999,False,81450,1.5664,111000.0,0.7338,80400.0,1050.0,79700.0,1750.0,77000.0,4450.0,67450.0,14000.0,80400.0,534.6338310781814,0.0066,79450.0,1347.6611132589662,0.017,76575.0,4369.966492189255,0.0571,84.22,50.8,95.4,0.18
OBS-1156,LST-5060TI-16G-EAGLE-LOCAL,2026-07-25,80500,True,500,True,RTX5060TI-16G-GIGA-EAGLE,LOCAL_VENDOR_QUOTE,RTX 5060 Ti,Gigabyte,Gigabyte Eagle Max GeForce RTX 5060 Ti 16GB GDDR7 OC Triple Fan,16,51999,False,81000,1.5577,112000.0,0.7232,81450.0,-450.0,80750.0,250.0,78050.0,2950.0,69300.0,11700.0,80750.0,534.6338310781814,0.0066,79700.0,1232.689664726582,0.0155,77525.0,3958.980957238856,0.0511,84.3,51.9,94.9,0.18
OBS-1155,LST-5060TI-16G-EAGLE-PRIME,2026-07-25,81800,True,250,False,RTX5060TI-16G-GIGA-EAGLE,PRIMEABGB,RTX 5060 Ti,Gigabyte,Gigabyte Eagle Max GeForce RTX 5060 Ti 16GB GDDR7 OC Triple Fan,16,51999,False,82050,1.5779,112000.0,0.7326,81000.0,1050.0,80400.0,1650.0,78400.0,3650.0,70350.0,11700.0,81000.0,526.7826876426366,0.0065,80400.0,1047.9003951211973,0.013,78225.0,3524.29752956851,0.0451,84.3,51.9,94.9,0.18
OBS-1169,LST-5060TI-16G-EAGLE-LOCAL,2026-07-30,80600,True,500,True,RTX5060TI-16G-GIGA-EAGLE,LOCAL_VENDOR_QUOTE,RTX 5060 Ti,Gigabyte,Gigabyte Eagle Max GeForce RTX 5060 Ti 16GB GDDR7 OC Triple Fan,16,51999,False,81100,1.5596,112500.0,0.7209,82050.0,-950.0,81450.0,-350.0,79450.0,1650.0,72200.0,8900.0,81450.0,526.7826876426366,0.0065,80750.0,924.5333443212498,0.0114,78925.0,3090.8785514445217,0.0392,84.38,50.1,94.5,0.18
OBS-1168,LST-5060TI-16G-EAGLE-PRIME,2026-07-30,81900,True,250,False,RTX5060TI-16G-GIGA-EAGLE,PRIMEABGB,RTX 5060 Ti,Gigabyte,Gigabyte Eagle Max GeForce RTX 5060 Ti 16GB GDDR7 OC Triple Fan,16,51999,False,82150,1.5798,112500.0,0.7302,81100.0,1050.0,81000.0,1150.0,79700.0,2450.0,73250.0,8900.0,81100.0,579.5112883571225,0.0071,81000.0,751.0310373397054,0.0093,79575.0,2642.2211144379894,0.0332,84.38,50.1,94.5,0.18
OBS-1003,LST-5060TI-16G-LOCAL,2026-06-01,61000,True,500,True,RTX5060TI-16G-GIGA-GAMING,LOCAL_VENDOR_QUOTE,RTX 5060 Ti,Gigabyte,GeForce RTX 5060 Ti Gaming OC 16GB,16,49999,False,61500,1.23,81500.0,0.7546,,,,,,,,,,0.0,0.0,,0.0,0.0,,0.0,0.0,83.5,50.2,100.0,0.18
OBS-1001,LST-5060TI-16G-MD,2026-06-01,62500,True,0,False,RTX5060TI-16G-GIGA-GAMING,MDCOMPUTERS,RTX 5060 Ti,Gigabyte,GeForce RTX 5060 Ti Gaming OC 16GB,16,49999,False,62500,1.25,81500.0,0.7669,61500.0,1000.0,,,,,,,61500.0,0.0,0.0,61500.0,0.0,0.0,61500.0,0.0,0.0,83.5,50.2,100.0,0.18
OBS-1002,LST-5060TI-16G-PRIME,2026-06-01,62900,True,250,False,RTX5060TI-16G-GIGA-GAMING,PRIMEABGB,RTX 5060 Ti,Gigabyte,GeForce RTX 5060 Ti Gaming OC 16GB,16,49999,False,63150,1.263,81500.0,0.7748,62500.0,650.0,,,,,,,62000.0,707.1067811865476,0.0114,62000.0,707.1067811865476,0.0114,62000.0,707.1067811865476,0.0114,83.5,50.2,100.0,0.18
OBS-1016,LST-5060TI-16G-LOCAL,2026-06-05,63000,True,500,True,RTX5060TI-16G-GIGA-GAMING,LOCAL_VENDOR_QUOTE,RTX 5060 Ti,Gigabyte,GeForce RTX 5060 Ti Gaming OC 16GB,16,49999,False,63500,1.27,84000.0,0.756,63150.0,350.0,61500.0,2000.0,,,,,62500.0,831.1638426527779,0.0133,62500.0,831.1638426527779,0.0133,62500.0,831.1638426527779,0.0133,83.55,51.1,99.5,0.18
OBS-1014,LST-5060TI-16G-MD,2026-06-05,64500,True,0,False,RTX5060TI-16G-GIGA-GAMING,MDCOMPUTERS,RTX 5060 Ti,Gigabyte,GeForce RTX 5060 Ti Gaming OC 16GB,16,49999,False,64500,1.29,84000.0,0.7679,63500.0,1000.0,62500.0,2000.0,,,,,63150.0,507.444578254608,0.008,62825.0,878.8012668781635,0.014,62825.0,878.8012668781635,0.014,83.55,51.1,99.5,0.18
OBS-1015,LST-5060TI-16G-PRIME,2026-06-05,64900,True,250,False,RTX5060TI-16G-GIGA-GAMING,PRIMEABGB,RTX 5060 Ti,Gigabyte,GeForce RTX 5060 Ti Gaming OC 16GB,16,49999,False,65150,1.303,84000.0,0.7756,64500.0,650.0,63150.0,2000.0,,,,,63500.0,700.594985232789,0.011,63150.0,1120.0446419674524,0.0177,63150.0,1120.0446419674524,0.0177,83.55,51.1,99.5,0.18
OBS-1029,LST-5060TI-16G-LOCAL,2026-06-10,65500,True,500,True,RTX5060TI-16G-GIGA-GAMING,LOCAL_VENDOR_QUOTE,RTX 5060 Ti,Gigabyte,GeForce RTX 5060 Ti Gaming OC 16GB,16,49999,False,66000,1.32,87500.0,0.7543,65150.0,850.0,63500.0,2500.0,,,,,64500.0,831.1638426527777,0.0129,63325.0,1323.883177122009,0.0209,63325.0,1323.883177122009,0.0209,83.62,49.8,99.1,0.18
OBS-1027,LST-5060TI-16G-MD,2026-06-10,67000,True,0,False,RTX5060TI-16G-GIGA-GAMING,MDCOMPUTERS,RTX 5060 Ti,Gigabyte,GeForce RTX 5060 Ti Gaming OC 16GB,16,49999,False,67000,1.34,87500.0,0.7657,66000.0,1000.0,64500.0,2500.0,61500.0,5500.0,,,65150.0,752.2189397597825,0.0115,63500.0,1561.6307105684339,0.0246,63500.0,1561.6307105684339,0.0246,83.62,49.8,99.1,0.18
OBS-1028,LST-5060TI-16G-PRIME,2026-06-10,67400,True,250,False,RTX5060TI-16G-GIGA-GAMING,PRIMEABGB,RTX 5060 Ti,Gigabyte,GeForce RTX 5060 Ti Gaming OC 16GB,16,49999,False,67650,1.353,87500.0,0.7731,67000.0,650.0,65150.0,2500.0,62500.0,5150.0,,,66000.0,926.0129588726063,0.014,64500.0,1619.2664417951082,0.0251,64000.0,1845.2158216781631,0.0288,83.62,49.8,99.1,0.18
OBS-1042,LST-5060TI-16G-LOCAL,2026-06-15,68300,True,500,True,RTX5060TI-16G-GIGA-GAMING,LOCAL_VENDOR_QUOTE,RTX 5060 Ti,Gigabyte,GeForce RTX 5060 Ti Gaming OC 16GB,16,49999,False,68800,1.376,91200.0,0.7544,67650.0,1150.0,66000.0,2800.0,63150.0,5650.0,,,67000.0,831.1638426527801,0.0124,65150.0,1704.126644075371,0.0262,64500.0,2081.0153771656724,0.0323,83.7,52.4,98.6,0.18
OBS-1040,LST-5060TI-16G-MD,2026-06-15,69800,True,0,False,RTX5060TI-16G-GIGA-GAMING,MDCOMPUTERS,RTX 5060 Ti,Gigabyte,GeForce RTX 5060 Ti Gaming OC 16GB,16,49999,False,69800,1.396,91200.0,0.7654,68800.0,1000.0,67000.0,2800.0,63500.0,6300.0,,,67650.0,911.5005942583554,0.0135,66000.0,1858.9231393726832,0.0282,64825.0,2378.170398530018,0.0367,83.7,52.4,98.6,0.18
OBS-1041,LST-5060TI-16G-PRIME,2026-06-15,70200,True,250,False,RTX5060TI-16G-GIGA-GAMING,PRIMEABGB,RTX 5060 Ti,Gigabyte,GeForce RTX 5060 Ti Gaming OC 16GB,16,49999,False,70450,1.409,91200.0,0.7725,69800.0,650.0,67650.0,2800.0,64500.0,5950.0,,,68800.0,1075.8717395675,0.0156,67000.0,1922.393101864232,0.0287,65150.0,2684.500969369434,0.0412,83.7,52.4,98.6,0.18
OBS-1055,LST-5060TI-16G-LOCAL,2026-06-20,71300,True,500,True,RTX5060TI-16G-GIGA-GAMING,LOCAL_VENDOR_QUOTE,RTX 5060 Ti,Gigabyte,GeForce RTX 5060 Ti Gaming OC 16GB,16,49999,False,71800,1.436,95000.0,0.7558,70450.0,1350.0,68800.0,3000.0,65150.0,6650.0,,,69800.0,831.1638426527796,0.0119,67650.0,1955.273699024047,0.0289,65575.0,2943.6629418381935,0.0449,83.78,51.0,98.2,0.18
OBS-1053,LST-5060TI-16G-MD,2026-06-20,72800,True,0,False,RTX5060TI-16G-GIGA-GAMING,MDCOMPUTERS,RTX 5060 Ti,Gigabyte,GeForce RTX 5060 Ti Gaming OC 16GB,16,49999,False,72800,1.456,95000.0,0.7663,71800.0,1000.0,69800.0,3000.0,66000.0,6800.0,,,70450.0,1020.2123961868637,0.0145,68800.0,2046.2800162152373,0.0297,66000.0,3268.2721068023898,0.0495,83.78,51.0,98.2,0.18
OBS-1054,LST-5060TI-16G-PRIME,2026-06-20,73200,True,250,False,RTX5060TI-16G-GIGA-GAMING,PRIMEABGB,RTX 5060 Ti,Gigabyte,GeForce RTX 5060 Ti Gaming OC 16GB,16,49999,False,73450,1.469,95000.0,0.7732,72800.0,650.0,70450.0,3000.0,67000.0,6450.0,61500.0,11950.0,71800.0,1179.3359713556392,0.0164,69800.0,2116.2916803197054,0.0303,66500.0,3589.5605657162287,0.054,83.78,51.0,98.2,0.18
OBS-1068,LST-5060TI-16G-LOCAL,2026-06-25,74300,True,500,True,RTX5060TI-16G-GIGA-GAMING,LOCAL_VENDOR_QUOTE,RTX 5060 Ti,Gigabyte,GeForce RTX 5060 Ti Gaming OC 16GB,16,49999,False,74800,1.496,98900.0,0.7563,73450.0,1350.0,71800.0,3000.0,67650.0,7150.0,62500.0,12300.0,72800.0,831.1638426527928,0.0114,70450.0,2119.916889655715,0.0301,67325.0,3663.3411909510455,0.0544,83.85,48.9,97.8,0.18
OBS-1066,LST-5060TI-16G-MD,2026-06-25,75800,True,0,False,RTX5060TI-16G-GIGA-GAMING,MDCOMPUTERS,RTX 5060 Ti,Gigabyte,GeForce RTX 5060 Ti Gaming OC 16GB,16,49999,False,75800,1.516,98900.0,0.7664,74800.0,1000.0,72800.0,3000.0,68800.0,7000.0,63150.0,12650.0,73450.0,1020.2123961868743,0.0139,71800.0,2139.8987514989153,0.0298,68225.0,3815.1609791335463,0.0559,83.85,48.9,97.8,0.18
OBS-1067,LST-5060TI-16G-PRIME,2026-06-25,76200,True,250,False,RTX5060TI-16G-GIGA-GAMING,PRIMEABGB,RTX 5060 Ti,Gigabyte,GeForce RTX 5060 Ti Gaming OC 16GB,16,49999,False,76450,1.529,98900.0,0.773,75800.0,650.0,73450.0,3000.0,69800.0,6650.0,63500.0,12950.0,74800.0,1179.3359713556486,0.0158,72800.0,2193.7410968480203,0.0301,69300.0,3948.994864463663,0.057,83.85,48.9,97.8,0.18
OBS-1081,LST-5060TI-16G-LOCAL,2026-06-30,77300,True,500,True,RTX5060TI-16G-GIGA-GAMING,LOCAL_VENDOR_QUOTE,RTX 5060 Ti,Gigabyte,GeForce RTX 5060 Ti Gaming OC 16GB,16,49999,False,77800,1.556,102800.0,0.7568,76450.0,1350.0,74800.0,3000.0,70450.0,7350.0,64500.0,13300.0,75800.0,831.163842652806,0.011,73450.0,2168.332692800306,0.0295,70125.0,3979.060922400632,0.0567,83.92,50.5,97.2,0.18
OBS-1079,LST-5060TI-16G-MD,2026-06-30,78800,True,0,False,RTX5060TI-16G-GIGA-GAMING,MDCOMPUTERS,RTX 5060 Ti,Gigabyte,GeForce RTX 5060 Ti Gaming OC 16GB,16,49999,False,78800,1.576,102800.0,0.7665,77800.0,1000.0,75800.0,3000.0,71800.0,7000.0,65150.0,13650.0,76450.0,1020.212396186885,0.0133,74800.0,2139.898751498919,0.0286,71125.0,4069.851969659952,0.0572,83.92,50.5,97.2,0.18
OBS-1080,LST-5060TI-16G-PRIME,2026-06-30,79200,True,250,False,RTX5060TI-16G-GIGA-GAMING,PRIMEABGB,RTX 5060 Ti,Gigabyte,GeForce RTX 5060 Ti Gaming OC 16GB,16,49999,False,79450,1.589,102800.0,0.7729,78800.0,650.0,76450.0,3000.0,72800.0,6650.0,66000.0,13450.0,77800.0,1179.3359713556579,0.0152,75800.0,2193.7410968480235,0.0289,72300.0,4126.129548977466,0.0571,83.92,50.5,97.2,0.18
OBS-1094,LST-5060TI-16G-LOCAL,2026-07-05,79500,True,500,True,RTX5060TI-16G-GIGA-GAMING,LOCAL_VENDOR_QUOTE,RTX 5060 Ti,Gigabyte,GeForce RTX 5060 Ti Gaming OC 16GB,16,49999,False,80000,1.6,105800.0,0.7561,79450.0,550.0,77800.0,2200.0,73450.0,6550.0,67000.0,13000.0,78800.0,831.1638426528192,0.0105,76450.0,2168.33269280031,0.0284,73125.0,4126.577287521711,0.0564,84.0,52.0,96.8,0.18
OBS-1092,LST-5060TI-16G-MD,2026-07-05,81000,True,0,False,RTX5060TI-16G-GIGA-GAMING,MDCOMPUTERS,RTX 5060 Ti,Gigabyte,GeForce RTX 5060 Ti Gaming OC 16GB,16,49999,False,81000,1.62,105800.0,0.7656,80000.0,1000.0,78800.0,2200.0,74800.0,6200.0,67650.0,13350.0,79450.0,600.6940430313933,0.0076,77800.0,1960.59393333463,0.0252,74125.0,4085.697715712186,0.0551,84.0,52.0,96.8,0.18
OBS-1093,LST-5060TI-16G-PRIME,2026-07-05,81400,True,250,False,RTX5060TI-16G-GIGA-GAMING,PRIMEABGB,RTX 5060 Ti,Gigabyte,GeForce RTX 5060 Ti Gaming OC 16GB,16,49999,False,81650,1.633,105800.0,0.7717,81000.0,650.0,79450.0,2200.0,75800.0,5850.0,68800.0,12850.0,80000.0,785.8116822751275,0.0098,78800.0,1891.6168443197716,0.024,75300.0,4013.699069409688,0.0533,84.0,52.0,96.8,0.18
OBS-1107,LST-5060TI-16G-LOCAL,2026-07-10,81300,True,500,True,RTX5060TI-16G-GIGA-GAMING,LOCAL_VENDOR_QUOTE,RTX 5060 Ti,Gigabyte,GeForce RTX 5060 Ti Gaming OC 16GB,16,49999,False,81800,1.636,108000.0,0.7574,81650.0,150.0,80000.0,1800.0,76450.0,5350.0,69800.0,12000.0,81000.0,831.1638426528201,0.0103,79450.0,1804.9535015775782,0.0227,76125.0,3934.1925320351174,0.0517,84.08,51.2,96.3,0.18
OBS-1105,LST-5060TI-16G-MD,2026-07-10,82800,True,0,False,RTX5060TI-16G-GIGA-GAMING,MDCOMPUTERS,RTX 5060 Ti,Gigabyte,GeForce RTX 5060 Ti Gaming OC 16GB,16,49999,False,82800,1.656,108000.0,0.7667,81800.0,1000.0,81000.0,1800.0,77800.0,5000.0,70450.0,12350.0,81650.0,425.2450274058549,0.0052,80000.0,1500.5157843380537,0.0188,77125.0,3782.96681350603,0.049,84.08,51.2,96.3,0.18
OBS-1106,LST-5060TI-16G-PRIME,2026-07-10,83200,True,250,False,RTX5060TI-16G-GIGA-GAMING,PRIMEABGB,RTX 5060 Ti,Gigabyte,GeForce RTX 5060 Ti Gaming OC 16GB,16,49999,False,83450,1.669,108000.0,0.7727,82800.0,650.0,81650.0,1800.0,78800.0,4650.0,71800.0,11650.0,81800.0,625.1666444504302,0.0076,81000.0,1427.3268388010963,0.0176,78300.0,3609.008874323414,0.0461,84.08,51.2,96.3,0.18
OBS-1120,LST-5060TI-16G-LOCAL,2026-07-15,82700,True,500,True,RTX5060TI-16G-GIGA-GAMING,LOCAL_VENDOR_QUOTE,RTX 5060 Ti,Gigabyte,GeForce RTX 5060 Ti Gaming OC 16GB,16,49999,False,83200,1.664,109800.0,0.7577,83450.0,-250.0,81800.0,1400.0,79450.0,3750.0,72800.0,10400.0,82800.0,831.163842652828,0.01,81650.0,1431.1999627352407,0.0175,79125.0,3473.899936559906,0.0439,84.15,49.7,95.9,0.18
OBS-1118,LST-5060TI-16G-MD,2026-07-15,84200,True,0,False,RTX5060TI-16G-GIGA-GAMING,MDCOMPUTERS,RTX 5060 Ti,Gigabyte,GeForce RTX 5060 Ti Gaming OC 16GB,16,49999,False,84200,1.684,109800.0,0.7668,83200.0,1000.0,82800.0,1400.0,80000.0,4200.0,73450.0,10750.0,83200.0,327.87192621522945,0.0039,81800.0,1247.9030029461148,0.0153,79725.0,3248.6451106492464,0.0407,84.15,49.7,95.9,0.18
OBS-1119,LST-5060TI-16G-PRIME,2026-07-15,84600,True,250,False,RTX5060TI-16G-GIGA-GAMING,PRIMEABGB,RTX 5060 Ti,Gigabyte,GeForce RTX 5060 Ti Gaming OC 16GB,16,49999,False,84850,1.697,109800.0,0.7728,84200.0,650.0,83450.0,1400.0,81000.0,3850.0,74800.0,10050.0,83450.0,520.4164998666126,0.0062,82800.0,1138.9740579846161,0.0138,80500.0,3017.221631505816,0.0375,84.15,49.7,95.9,0.18
OBS-1133,LST-5060TI-16G-LOCAL,2026-07-20,83900,True,500,True,RTX5060TI-16G-GIGA-GAMING,LOCAL_VENDOR_QUOTE,RTX 5060 Ti,Gigabyte,GeForce RTX 5060 Ti Gaming OC 16GB,16,49999,False,84400,1.688,111000.0,0.7604,84850.0,-450.0,83200.0,1200.0,81650.0,2750.0,75800.0,8600.0,84200.0,831.1638426528299,0.0099,83200.0,1174.6326680124125,0.0141,81325.0,2854.043304999677,0.0351,84.22,50.8,95.4,0.18
OBS-1131,LST-5060TI-16G-MD,2026-07-20,85400,True,0,False,RTX5060TI-16G-GIGA-GAMING,MDCOMPUTERS,RTX 5060 Ti,Gigabyte,GeForce RTX 5060 Ti Gaming OC 16GB,16,49999,False,85400,1.708,111000.0,0.7694,84400.0,1000.0,84200.0,1200.0,81800.0,3600.0,76450.0,8950.0,84400.0,332.9164059241015,0.0039,83450.0,1047.9571965086905,0.0126,81725.0,2609.2739295751944,0.0319,84.22,50.8,95.4,0.18
OBS-1132,LST-5060TI-16G-PRIME,2026-07-20,85800,True,250,False,RTX5060TI-16G-GIGA-GAMING,PRIMEABGB,RTX 5060 Ti,Gigabyte,GeForce RTX 5060 Ti Gaming OC 16GB,16,49999,False,86050,1.721,111000.0,0.7752,85400.0,650.0,84850.0,1200.0,82800.0,3250.0,77800.0,8250.0,84850.0,500.8326400439812,0.0059,84200.0,935.6052281049089,0.0111,82300.0,2385.279949934769,0.029,84.22,50.8,95.4,0.18
OBS-1146,LST-5060TI-16G-LOCAL,2026-07-25,84600,True,500,True,RTX5060TI-16G-GIGA-GAMING,LOCAL_VENDOR_QUOTE,RTX 5060 Ti,Gigabyte,GeForce RTX 5060 Ti Gaming OC 16GB,16,49999,False,85100,1.702,112000.0,0.7598,86050.0,-950.0,84400.0,700.0,83450.0,1650.0,78800.0,6300.0,85400.0,831.1638426528352,0.0097,84400.0,1018.7527388219714,0.0121,83000.0,2268.891993709991,0.0273,84.3,51.9,94.9,0.18
OBS-1144,LST-5060TI-16G-MD,2026-07-25,86100,True,0,False,RTX5060TI-16G-GIGA-GAMING,MDCOMPUTERS,RTX 5060 Ti,Gigabyte,GeForce RTX 5060 Ti Gaming OC 16GB,16,49999,False,86100,1.722,112000.0,0.7688,85100.0,1000.0,85400.0,700.0,83200.0,2900.0,79450.0,6650.0,85400.0,485.6267428112168,0.0057,84850.0,919.4330551254312,0.0108,83325.0,2062.7151902394103,0.0248,84.3,51.9,94.9,0.18
OBS-1145,LST-5060TI-16G-PRIME,2026-07-25,86500,True,250,False,RTX5060TI-16G-GIGA-GAMING,PRIMEABGB,RTX 5060 Ti,Gigabyte,GeForce RTX 5060 Ti Gaming OC 16GB,16,49999,False,86750,1.735,112000.0,0.7746,86100.0,650.0,86050.0,700.0,84200.0,2550.0,80000.0,6750.0,86050.0,563.4713834793192,0.0065,85100.0,745.2228813296798,0.0088,83825.0,1919.105789936428,0.0229,84.3,51.9,94.9,0.18
OBS-1159,LST-5060TI-16G-LOCAL,2026-07-30,85000,True,500,True,RTX5060TI-16G-GIGA-GAMING,LOCAL_VENDOR_QUOTE,RTX 5060 Ti,Gigabyte,GeForce RTX 5060 Ti Gaming OC 16GB,16,49999,False,85500,1.71,112500.0,0.76,86750.0,-1250.0,85100.0,400.0,84850.0,650.0,81000.0,4500.0,86100.0,831.1638426528394,0.0097,85400.0,818.9714804036104,0.0096,84300.0,1796.841704182822,0.0213,84.38,50.1,94.5,0.18
OBS-1157,LST-5060TI-16G-MD,2026-07-30,86500,True,0,False,RTX5060TI-16G-GIGA-GAMING,MDCOMPUTERS,RTX 5060 Ti,Gigabyte,GeForce RTX 5060 Ti Gaming OC 16GB,16,49999,False,86500,1.73,112500.0,0.7689,85500.0,1000.0,86100.0,400.0,84400.0,2100.0,81650.0,4850.0,86100.0,625.1666444504533,0.0073,85500.0,765.2419474228016,0.009,84625.0,1600.330494712959,0.0189,84.38,50.1,94.5,0.18
OBS-1158,LST-5060TI-16G-PRIME,2026-07-30,86900,True,250,False,RTX5060TI-16G-GIGA-GAMING,PRIMEABGB,RTX 5060 Ti,Gigabyte,GeForce RTX 5060 Ti Gaming OC 16GB,16,49999,False,87150,1.743,112500.0,0.7747,86500.0,650.0,86750.0,400.0,85400.0,1750.0,81800.0,5350.0,86500.0,661.4378277662279,0.0076,86050.0,604.6447205553642,0.007,84975.0,1485.922956605615,0.0175,84.38,50.1,94.5,0.18
OBS-1010,LST-5060TI-16G-MSI-SH-MD,2026-06-01,63500,True,0,False,RTX5060TI-16G-MSI-SHADOW,MDCOMPUTERS,RTX 5060 Ti,MSI,MSI Shadow GeForce RTX 5060 Ti 16GB GDDR7 2X OC,16,48999,False,63500,1.2959,81500.0,0.7791,,,,,,,,,,0.0,0.0,,0.0,0.0,,0.0,0.0,83.5,50.2,100.0,0.18
OBS-1011,LST-5060TI-16G-MSI-SH-VEDANT,2026-06-01,63200,True,0,False,RTX5060TI-16G-MSI-SHADOW,VEDANT,RTX 5060 Ti,MSI,MSI Shadow GeForce RTX 5060 Ti 16GB GDDR7 2X OC,16,48999,False,63200,1.2898,81500.0,0.7755,63500.0,-300.0,,,,,,,63500.0,0.0,0.0,63500.0,0.0,0.0,63500.0,0.0,0.0,83.5,50.2,100.0,0.18
OBS-1023,LST-5060TI-16G-MSI-SH-MD,2026-06-05,65600,True,0,False,RTX5060TI-16G-MSI-SHADOW,MDCOMPUTERS,RTX 5060 Ti,MSI,MSI Shadow GeForce RTX 5060 Ti 16GB GDDR7 2X OC,16,48999,False,65600,1.3388,84000.0,0.781,63200.0,2400.0,,,,,,,63350.0,212.13203435596427,0.0033,63350.0,212.13203435596427,0.0033,63350.0,212.13203435596427,0.0033,83.55,51.1,99.5,0.18
OBS-1024,LST-5060TI-16G-MSI-SH-VEDANT,2026-06-05,65300,True,0,False,RTX5060TI-16G-MSI-SHADOW,VEDANT,RTX 5060 Ti,MSI,MSI Shadow GeForce RTX 5060 Ti 16GB GDDR7 2X OC,16,48999,False,65300,1.3327,84000.0,0.7774,65600.0,-300.0,63500.0,1800.0,,,,,63500.0,1307.669683062202,0.0206,63500.0,1307.669683062202,0.0206,63500.0,1307.669683062202,0.0206,83.55,51.1,99.5,0.18
OBS-1036,LST-5060TI-16G-MSI-SH-MD,2026-06-10,68200,True,0,False,RTX5060TI-16G-MSI-SHADOW,MDCOMPUTERS,RTX 5060 Ti,MSI,MSI Shadow GeForce RTX 5060 Ti 16GB GDDR7 2X OC,16,48999,False,68200,1.3919,87500.0,0.7794,65300.0,2900.0,63200.0,5000.0,,,,,65300.0,1307.669683062202,0.02,64400.0,1224.744871391589,0.019,64400.0,1224.744871391589,0.019,83.62,49.8,99.1,0.18
OBS-1037,LST-5060TI-16G-MSI-SH-VEDANT,2026-06-10,67900,True,0,False,RTX5060TI-16G-MSI-SHADOW,VEDANT,RTX 5060 Ti,MSI,MSI Shadow GeForce RTX 5060 Ti 16GB GDDR7 2X OC,16,48999,False,67900,1.3857,87500.0,0.776,68200.0,-300.0,65600.0,2300.0,,,,,65600.0,1594.7831618540893,0.0243,65300.0,2003.2473636573193,0.0307,65300.0,2003.2473636573193,0.0307,83.62,49.8,99.1,0.18
OBS-1049,LST-5060TI-16G-MSI-SH-MD,2026-06-15,71200,True,0,False,RTX5060TI-16G-MSI-SHADOW,MDCOMPUTERS,RTX 5060 Ti,MSI,MSI Shadow GeForce RTX 5060 Ti 16GB GDDR7 2X OC,16,48999,False,71200,1.4531,91200.0,0.7807,67900.0,3300.0,65300.0,5900.0,,,,,67900.0,1594.7831618540893,0.0235,65450.0,2112.2657661067806,0.0323,65450.0,2112.2657661067806,0.0323,83.7,52.4,98.6,0.18
OBS-1050,LST-5060TI-16G-MSI-SH-VEDANT,2026-06-15,70900,True,0,False,RTX5060TI-16G-MSI-SHADOW,VEDANT,RTX 5060 Ti,MSI,MSI Shadow GeForce RTX 5060 Ti 16GB GDDR7 2X OC,16,48999,False,70900,1.447,91200.0,0.7774,71200.0,-300.0,68200.0,2700.0,63500.0,7400.0,,,68200.0,1824.8287590894658,0.0268,65600.0,2858.5710716070284,0.0436,65600.0,2858.5710716070284,0.0436,83.7,52.4,98.6,0.18
OBS-1062,LST-5060TI-16G-MSI-SH-MD,2026-06-20,74500,True,0,False,RTX5060TI-16G-MSI-SHADOW,MDCOMPUTERS,RTX 5060 Ti,MSI,MSI Shadow GeForce RTX 5060 Ti 16GB GDDR7 2X OC,16,48999,False,74500,1.5204,95000.0,0.7842,70900.0,3600.0,67900.0,6600.0,63200.0,11300.0,,,70900.0,1824.8287590894658,0.0257,67900.0,2967.4423811953357,0.0437,66750.0,3085.333971272103,0.0462,83.78,51.0,98.2,0.18
OBS-1063,LST-5060TI-16G-MSI-SH-VEDANT,2026-06-20,74200,True,0,False,RTX5060TI-16G-MSI-SHADOW,VEDANT,RTX 5060 Ti,MSI,MSI Shadow GeForce RTX 5060 Ti 16GB GDDR7 2X OC,16,48999,False,74200,1.5143,95000.0,0.7811,74500.0,-300.0,71200.0,3000.0,65600.0,8600.0,,,71200.0,1997.498435543818,0.0281,68200.0,3310.3013817619644,0.0485,67900.0,3823.7561521507964,0.0563,83.78,51.0,98.2,0.18
OBS-1075,LST-5060TI-16G-MSI-SH-MD,2026-06-25,77800,True,0,False,RTX5060TI-16G-MSI-SHADOW,MDCOMPUTERS,RTX 5060 Ti,MSI,MSI Shadow GeForce RTX 5060 Ti 16GB GDDR7 2X OC,16,48999,False,77800,1.5878,98900.0,0.7867,74200.0,3600.0,70900.0,6900.0,65300.0,12500.0,,,74200.0,1997.498435543818,0.0269,70900.0,3395.79571992022,0.0479,68050.0,4132.5940199024235,0.0607,83.85,48.9,97.8,0.18
OBS-1076,LST-5060TI-16G-MSI-SH-VEDANT,2026-06-25,77500,True,0,False,RTX5060TI-16G-MSI-SHADOW,VEDANT,RTX 5060 Ti,MSI,MSI Shadow GeForce RTX 5060 Ti 16GB GDDR7 2X OC,16,48999,False,77500,1.5817,98900.0,0.7836,77800.0,-300.0,74500.0,3000.0,68200.0,9300.0,,,74500.0,1997.498435543818,0.0268,71200.0,3599.999999999981,0.0506,68200.0,4828.871503778075,0.0708,83.85,48.9,97.8,0.18
OBS-1088,LST-5060TI-16G-MSI-SH-MD,2026-06-30,81100,True,0,False,RTX5060TI-16G-MSI-SHADOW,MDCOMPUTERS,RTX 5060 Ti,MSI,MSI Shadow GeForce RTX 5060 Ti 16GB GDDR7 2X OC,16,48999,False,81100,1.6551,102800.0,0.7889,77500.0,3600.0,74200.0,6900.0,67900.0,13200.0,,,77500.0,1997.498435543818,0.0258,74200.0,3636.7175152483474,0.049,69550.0,5177.017978674119,0.0744,83.92,50.5,97.2,0.18
OBS-1089,LST-5060TI-16G-MSI-SH-VEDANT,2026-06-30,80800,True,0,False,RTX5060TI-16G-MSI-SHADOW,VEDANT,RTX 5060 Ti,MSI,MSI Shadow GeForce RTX 5060 Ti 16GB GDDR7 2X OC,16,48999,False,80800,1.649,102800.0,0.786,81100.0,-300.0,77800.0,3000.0,71200.0,9600.0,,,77800.0,1997.498435543818,0.0257,74500.0,3713.6812694990936,0.0498,70900.0,5837.313660343315,0.0823,83.92,50.5,97.2,0.18
OBS-1101,LST-5060TI-16G-MSI-SH-MD,2026-07-05,83600,True,0,False,RTX5060TI-16G-MSI-SHADOW,MDCOMPUTERS,RTX 5060 Ti,MSI,MSI Shadow GeForce RTX 5060 Ti 16GB GDDR7 2X OC,16,48999,False,83600,1.7062,105800.0,0.7902,80800.0,2800.0,77500.0,6100.0,70900.0,12700.0,63500.0,20100.0,80800.0,1997.498435543818,0.0247,77500.0,3713.6812694990936,0.0479,71050.0,6208.152208681239,0.0874,84.0,52.0,96.8,0.18
OBS-1102,LST-5060TI-16G-MSI-SH-VEDANT,2026-07-05,83300,True,0,False,RTX5060TI-16G-MSI-SHADOW,VEDANT,RTX 5060 Ti,MSI,MSI Shadow GeForce RTX 5060 Ti 16GB GDDR7 2X OC,16,48999,False,83300,1.7,105800.0,0.7873,83600.0,-300.0,81100.0,2200.0,74500.0,8800.0,63200.0,20100.0,81100.0,1537.3136743466962,0.019,77800.0,3512.8336140500337,0.0452,72700.0,6519.657511398431,0.0897,84.0,52.0,96.8,0.18
OBS-1114,LST-5060TI-16G-MSI-SH-MD,2026-07-10,85400,True,0,False,RTX5060TI-16G-MSI-SHADOW,MDCOMPUTERS,RTX 5060 Ti,MSI,MSI Shadow GeForce RTX 5060 Ti 16GB GDDR7 2X OC,16,48999,False,85400,1.7429,108000.0,0.7907,83300.0,2100.0,80800.0,4600.0,74200.0,11200.0,65600.0,19800.0,83300.0,1537.3136743466962,0.0185,80800.0,3416.0684726046734,0.0423,74350.0,6411.1895657788455,0.0862,84.08,51.2,96.3,0.18
OBS-1115,LST-5060TI-16G-MSI-SH-VEDANT,2026-07-10,85100,True,0,False,RTX5060TI-16G-MSI-SHADOW,VEDANT,RTX 5060 Ti,MSI,MSI Shadow GeForce RTX 5060 Ti 16GB GDDR7 2X OC,16,48999,False,85100,1.7368,108000.0,0.788,85400.0,-300.0,83600.0,1500.0,77800.0,7300.0,65300.0,19800.0,83600.0,1135.7816691600547,0.0136,81100.0,2973.6941912135103,0.0367,76000.0,6498.829142220933,0.0855,84.08,51.2,96.3,0.18
OBS-1127,LST-5060TI-16G-MSI-SH-MD,2026-07-15,86900,True,0,False,RTX5060TI-16G-MSI-SHADOW,MDCOMPUTERS,RTX 5060 Ti,MSI,MSI Shadow GeForce RTX 5060 Ti 16GB GDDR7 2X OC,16,48999,False,86900,1.7735,109800.0,0.7914,85100.0,1800.0,83300.0,3600.0,77500.0,9400.0,68200.0,18700.0,85100.0,1135.7816691600547,0.0133,83300.0,2792.8480087537578,0.0335,77650.0,6176.101583461087,0.0795,84.15,49.7,95.9,0.18
OBS-1128,LST-5060TI-16G-MSI-SH-VEDANT,2026-07-15,86600,True,0,False,RTX5060TI-16G-MSI-SHADOW,VEDANT,RTX 5060 Ti,MSI,MSI Shadow GeForce RTX 5060 Ti 16GB GDDR7 2X OC,16,48999,False,86600,1.7674,109800.0,0.7887,86900.0,-300.0,85400.0,1200.0,81100.0,5500.0,67900.0,18700.0,85400.0,964.3650760992955,0.0113,83600.0,2251.560305548939,0.0269,79300.0,6089.822170304628,0.0768,84.15,49.7,95.9,0.18
OBS-1140,LST-5060TI-16G-MSI-SH-MD,2026-07-20,87900,True,0,False,RTX5060TI-16G-MSI-SHADOW,MDCOMPUTERS,RTX 5060 Ti,MSI,MSI Shadow GeForce RTX 5060 Ti 16GB GDDR7 2X OC,16,48999,False,87900,1.7939,111000.0,0.7919,86600.0,1300.0,85100.0,2800.0,80800.0,7100.0,71200.0,16700.0,86600.0,964.3650760992955,0.0111,85100.0,2132.068077176265,0.0251,80950.0,5596.589424534628,0.0691,84.22,50.8,95.4,0.18
OBS-1141,LST-5060TI-16G-MSI-SH-VEDANT,2026-07-20,87600,True,0,False,RTX5060TI-16G-MSI-SHADOW,VEDANT,RTX 5060 Ti,MSI,MSI Shadow GeForce RTX 5060 Ti 16GB GDDR7 2X OC,16,48999,False,87600,1.7878,111000.0,0.7892,87900.0,-300.0,86900.0,700.0,83600.0,4000.0,70900.0,16700.0,86900.0,680.6859285554066,0.0078,85400.0,1709.6365528547137,0.02,82200.0,5369.838436597923,0.0653,84.22,50.8,95.4,0.18
OBS-1153,LST-5060TI-16G-MSI-SH-MD,2026-07-25,88500,True,0,False,RTX5060TI-16G-MSI-SHADOW,MDCOMPUTERS,RTX 5060 Ti,MSI,MSI Shadow GeForce RTX 5060 Ti 16GB GDDR7 2X OC,16,48999,False,88500,1.8062,112000.0,0.7902,87600.0,900.0,86600.0,1900.0,83300.0,5200.0,74500.0,14000.0,87600.0,680.6859285554066,0.0078,86600.0,1618.052915727739,0.0187,83450.0,4744.7889287113185,0.0569,84.3,51.9,94.9,0.18
OBS-1154,LST-5060TI-16G-MSI-SH-VEDANT,2026-07-25,88200,True,0,False,RTX5060TI-16G-MSI-SHADOW,VEDANT,RTX 5060 Ti,MSI,MSI Shadow GeForce RTX 5060 Ti 16GB GDDR7 2X OC,16,48999,False,88200,1.8,112000.0,0.7875,88500.0,-300.0,87900.0,300.0,85400.0,2800.0,74200.0,14000.0,87900.0,458.257569495584,0.0052,86900.0,1266.039945205887,0.0146,84350.0,4438.202041664712,0.0526,84.3,51.9,94.9,0.18
OBS-1166,LST-5060TI-16G-MSI-SH-MD,2026-07-30,88800,True,0,False,RTX5060TI-16G-MSI-SHADOW,MDCOMPUTERS,RTX 5060 Ti,MSI,MSI Shadow GeForce RTX 5060 Ti 16GB GDDR7 2X OC,16,48999,False,88800,1.8123,112500.0,0.7893,88200.0,600.0,87600.0,1200.0,85100.0,3700.0,77800.0,11000.0,88200.0,458.257569495584,0.0052,87600.0,1167.4147261607222,0.0133,85250.0,3752.6327754327554,0.044,84.38,50.1,94.5,0.18
OBS-1167,LST-5060TI-16G-MSI-SH-VEDANT,2026-07-30,88500,True,0,False,RTX5060TI-16G-MSI-SHADOW,VEDANT,RTX 5060 Ti,MSI,MSI Shadow GeForce RTX 5060 Ti 16GB GDDR7 2X OC,16,48999,False,88500,1.8062,112500.0,0.7867,88800.0,-300.0,88500.0,0.0,86900.0,1600.0,77500.0,11000.0,88500.0,300.0,0.0034,87900.0,811.2306935114017,0.0092,86000.0,3422.4292509884444,0.0398,84.38,50.1,94.5,0.18
OBS-1004,LST-5060TI-8G-MD,2026-06-01,52500,True,0,False,RTX5060TI-8G-MSI-VENTUS,MDCOMPUTERS,RTX 5060 Ti,MSI,GeForce RTX 5060 Ti Ventus 2X 8GB,8,41999,False,52500,1.25,81500.0,0.6442,,,,,,,,,,0.0,0.0,,0.0,0.0,,0.0,0.0,83.5,50.2,100.0,0.18
OBS-1005,LST-5060TI-8G-VEDANT,2026-06-01,52200,True,0,False,RTX5060TI-8G-MSI-VENTUS,VEDANT,RTX 5060 Ti,MSI,GeForce RTX 5060 Ti Ventus 2X 8GB,8,41999,False,52200,1.2429,81500.0,0.6405,52500.0,-300.0,,,,,,,52500.0,0.0,0.0,52500.0,0.0,0.0,52500.0,0.0,0.0,83.5,50.2,100.0,0.18
OBS-1017,LST-5060TI-8G-MD,2026-06-05,54100,True,0,False,RTX5060TI-8G-MSI-VENTUS,MDCOMPUTERS,RTX 5060 Ti,MSI,GeForce RTX 5060 Ti Ventus 2X 8GB,8,41999,False,54100,1.2881,84000.0,0.644,52200.0,1900.0,,,,,,,52350.0,212.13203435596427,0.0041,52350.0,212.13203435596427,0.0041,52350.0,212.13203435596427,0.0041,83.55,51.1,99.5,0.18
OBS-1018,LST-5060TI-8G-VEDANT,2026-06-05,53800,True,0,False,RTX5060TI-8G-MSI-VENTUS,VEDANT,RTX 5060 Ti,MSI,GeForce RTX 5060 Ti Ventus 2X 8GB,8,41999,False,53800,1.281,84000.0,0.6405,54100.0,-300.0,52500.0,1300.0,,,,,52500.0,1021.4368964029698,0.0195,52500.0,1021.4368964029698,0.0195,52500.0,1021.4368964029698,0.0195,83.55,51.1,99.5,0.18
OBS-1030,LST-5060TI-8G-MD,2026-06-10,56200,True,0,False,RTX5060TI-8G-MSI-VENTUS,MDCOMPUTERS,RTX 5060 Ti,MSI,GeForce RTX 5060 Ti Ventus 2X 8GB,8,41999,False,56200,1.3381,87500.0,0.6423,53800.0,2400.0,52200.0,4000.0,,,,,53800.0,1021.4368964029698,0.019,53150.0,939.8581453247779,0.0177,53150.0,939.8581453247779,0.0177,83.62,49.8,99.1,0.18
OBS-1031,LST-5060TI-8G-VEDANT,2026-06-10,55900,True,0,False,RTX5060TI-8G-MSI-VENTUS,VEDANT,RTX 5060 Ti,MSI,GeForce RTX 5060 Ti Ventus 2X 8GB,8,41999,False,55900,1.331,87500.0,0.6389,56200.0,-300.0,54100.0,1800.0,,,,,54100.0,1307.669683062202,0.0242,53800.0,1588.3954167649813,0.0295,53800.0,1588.3954167649813,0.0295,83.62,49.8,99.1,0.18
OBS-1043,LST-5060TI-8G-MD,2026-06-15,58500,True,0,False,RTX5060TI-8G-MSI-VENTUS,MDCOMPUTERS,RTX 5060 Ti,MSI,GeForce RTX 5060 Ti Ventus 2X 8GB,8,41999,False,58500,1.3929,91200.0,0.6414,55900.0,2600.0,53800.0,4700.0,,,,,55900.0,1307.669683062202,0.0234,53950.0,1667.8329252855833,0.0309,53950.0,1667.8329252855833,0.0309,83.7,52.4,98.6,0.18
OBS-1044,LST-5060TI-8G-VEDANT,2026-06-15,58200,True,0,False,RTX5060TI-8G-MSI-VENTUS,VEDANT,RTX 5060 Ti,MSI,GeForce RTX 5060 Ti Ventus 2X 8GB,8,41999,False,58200,1.3857,91200.0,0.6382,58500.0,-300.0,56200.0,2000.0,52500.0,5700.0,,,56200.0,1422.4392195567923,0.0253,54100.0,2250.079363679679,0.0416,54100.0,2250.079363679679,0.0416,83.7,52.4,98.6,0.18
OBS-1056,LST-5060TI-8G-MD,2026-06-20,61000,True,0,False,RTX5060TI-8G-MSI-VENTUS,MDCOMPUTERS,RTX 5060 Ti,MSI,GeForce RTX 5060 Ti Ventus 2X 8GB,8,41999,False,61000,1.4524,95000.0,0.6421,58200.0,2800.0,55900.0,5100.0,52200.0,8800.0,,,58200.0,1422.4392195567923,0.0244,55900.0,2332.993172484044,0.0417,55000.0,2415.278747592385,0.0439,83.78,51.0,98.2,0.18
OBS-1057,LST-5060TI-8G-VEDANT,2026-06-20,60700,True,0,False,RTX5060TI-8G-MSI-VENTUS,VEDANT,RTX 5060 Ti,MSI,GeForce RTX 5060 Ti Ventus 2X 8GB,8,41999,False,60700,1.4453,95000.0,0.6389,61000.0,-300.0,58500.0,2200.0,54100.0,6600.0,,,58500.0,1537.313674346693,0.0263,56200.0,2580.328513599632,0.0459,55900.0,2979.000578120867,0.0533,83.78,51.0,98.2,0.18
OBS-1069,LST-5060TI-8G-MD,2026-06-25,63500,True,0,False,RTX5060TI-8G-MSI-VENTUS,MDCOMPUTERS,RTX 5060 Ti,MSI,GeForce RTX 5060 Ti Ventus 2X 8GB,8,41999,False,63500,1.5119,98900.0,0.6421,60700.0,2800.0,58200.0,5300.0,53800.0,9700.0,,,60700.0,1537.313674346693,0.0253,58200.0,2628.5973083612253,0.0452,56050.0,3204.3200006657703,0.0572,83.85,48.9,97.8,0.18
OBS-1070,LST-5060TI-8G-VEDANT,2026-06-25,63200,True,0,False,RTX5060TI-8G-MSI-VENTUS,VEDANT,RTX 5060 Ti,MSI,GeForce RTX 5060 Ti Ventus 2X 8GB,8,41999,False,63200,1.5048,98900.0,0.639,63500.0,-300.0,61000.0,2200.0,56200.0,7000.0,,,61000.0,1537.313674346693,0.0252,58500.0,2748.8525744736785,0.047,56200.0,3733.7039859294514,0.0664,83.85,48.9,97.8,0.18
OBS-1082,LST-5060TI-8G-MD,2026-06-30,66000,True,0,False,RTX5060TI-8G-MSI-VENTUS,MDCOMPUTERS,RTX 5060 Ti,MSI,GeForce RTX 5060 Ti Ventus 2X 8GB,8,41999,False,66000,1.5715,102800.0,0.642,63200.0,2800.0,60700.0,5300.0,55900.0,10100.0,,,63200.0,1537.313674346693,0.0243,60700.0,2772.9990641044064,0.0457,57200.0,3989.2659004185775,0.0697,83.92,50.5,97.2,0.18
OBS-1083,LST-5060TI-8G-VEDANT,2026-06-30,65700,True,0,False,RTX5060TI-8G-MSI-VENTUS,VEDANT,RTX 5060 Ti,MSI,GeForce RTX 5060 Ti Ventus 2X 8GB,8,41999,False,65700,1.5643,102800.0,0.6391,66000.0,-300.0,63500.0,2200.0,58500.0,7200.0,,,63500.0,1537.313674346693,0.0242,61000.0,2824.5522190420484,0.0463,58200.0,4490.83111490113,0.0772,83.92,50.5,97.2,0.18
OBS-1095,LST-5060TI-8G-MD,2026-07-05,68000,True,0,False,RTX5060TI-8G-MSI-VENTUS,MDCOMPUTERS,RTX 5060 Ti,MSI,GeForce RTX 5060 Ti Ventus 2X 8GB,8,41999,False,68000,1.6191,105800.0,0.6427,65700.0,2300.0,63200.0,4800.0,58200.0,9800.0,52500.0,15500.0,65700.0,1537.313674346693,0.0234,63200.0,2824.5522190420484,0.0447,58350.0,4764.480530474939,0.0817,84.0,52.0,96.8,0.18
OBS-1096,LST-5060TI-8G-VEDANT,2026-07-05,67700,True,0,False,RTX5060TI-8G-MSI-VENTUS,VEDANT,RTX 5060 Ti,MSI,GeForce RTX 5060 Ti Ventus 2X 8GB,8,41999,False,67700,1.6119,105800.0,0.6399,68000.0,-300.0,66000.0,1700.0,61000.0,6700.0,52200.0,15500.0,66000.0,1250.3332889007347,0.0189,63500.0,2697.7945136899057,0.0425,59600.0,5012.731044797096,0.0841,84.0,52.0,96.8,0.18
OBS-1108,LST-5060TI-8G-MD,2026-07-10,69500,True,0,False,RTX5060TI-8G-MSI-VENTUS,MDCOMPUTERS,RTX 5060 Ti,MSI,GeForce RTX 5060 Ti Ventus 2X 8GB,8,41999,False,69500,1.6548,108000.0,0.6435,67700.0,1800.0,65700.0,3800.0,60700.0,8800.0,54100.0,15400.0,67700.0,1250.3332889007347,0.0185,65700.0,2638.000685945273,0.0402,60850.0,4919.265781005932,0.0808,84.08,51.2,96.3,0.18
OBS-1109,LST-5060TI-8G-VEDANT,2026-07-10,69200,True,0,False,RTX5060TI-8G-MSI-VENTUS,VEDANT,RTX 5060 Ti,MSI,GeForce RTX 5060 Ti Ventus 2X 8GB,8,41999,False,69200,1.6477,108000.0,0.6407,69500.0,-300.0,68000.0,1200.0,63500.0,5700.0,53800.0,15400.0,68000.0,964.3650760992955,0.0142,66000.0,2343.58293055336,0.0355,62100.0,5004.530914114707,0.0806,84.08,51.2,96.3,0.18
OBS-1121,LST-5060TI-8G-MD,2026-07-15,70600,True,0,False,RTX5060TI-8G-MSI-VENTUS,MDCOMPUTERS,RTX 5060 Ti,MSI,GeForce RTX 5060 Ti Ventus 2X 8GB,8,41999,False,70600,1.681,109800.0,0.643,69200.0,1400.0,67700.0,2900.0,63200.0,7400.0,56200.0,14400.0,69200.0,964.3650760992955,0.0139,67700.0,2224.7525277036857,0.0329,63350.0,4751.269350348451,0.075,84.15,49.7,95.9,0.18
OBS-1122,LST-5060TI-8G-VEDANT,2026-07-15,70300,True,0,False,RTX5060TI-8G-MSI-VENTUS,VEDANT,RTX 5060 Ti,MSI,GeForce RTX 5060 Ti Ventus 2X 8GB,8,41999,False,70300,1.6738,109800.0,0.6403,70600.0,-300.0,69500.0,800.0,66000.0,4300.0,55900.0,14400.0,69500.0,737.1114795831973,0.0106,68000.0,1814.7543451755237,0.0267,64600.0,4702.728924854112,0.0728,84.15,49.7,95.9,0.18
OBS-1134,LST-5060TI-8G-MD,2026-07-20,71500,True,0,False,RTX5060TI-8G-MSI-VENTUS,MDCOMPUTERS,RTX 5060 Ti,MSI,GeForce RTX 5060 Ti Ventus 2X 8GB,8,41999,False,71500,1.7024,111000.0,0.6441,70300.0,1200.0,69200.0,2300.0,65700.0,5800.0,58500.0,13000.0,70300.0,737.1114795831973,0.0105,69200.0,1710.1935284528465,0.0247,65850.0,4325.90586333796,0.0657,84.22,50.8,95.4,0.18
OBS-1135,LST-5060TI-8G-VEDANT,2026-07-20,71200,True,0,False,RTX5060TI-8G-MSI-VENTUS,VEDANT,RTX 5060 Ti,MSI,GeForce RTX 5060 Ti Ventus 2X 8GB,8,41999,False,71200,1.6953,111000.0,0.6414,71500.0,-300.0,70600.0,600.0,68000.0,3200.0,58200.0,13000.0,70600.0,624.4997998398397,0.0088,69500.0,1379.4408805226874,0.0198,66850.0,4181.493765377434,0.0626,84.22,50.8,95.4,0.18
OBS-1147,LST-5060TI-8G-MD,2026-07-25,72000,True,0,False,RTX5060TI-8G-MSI-VENTUS,MDCOMPUTERS,RTX 5060 Ti,MSI,GeForce RTX 5060 Ti Ventus 2X 8GB,8,41999,False,72000,1.7143,112000.0,0.6429,71200.0,800.0,70300.0,1700.0,67700.0,4300.0,61000.0,11000.0,71200.0,624.4997998398397,0.0088,70300.0,1311.487704860419,0.0187,67850.0,3714.724192208098,0.0547,84.3,51.9,94.9,0.18
OBS-1148,LST-5060TI-8G-VEDANT,2026-07-25,71700,True,0,False,RTX5060TI-8G-MSI-VENTUS,VEDANT,RTX 5060 Ti,MSI,GeForce RTX 5060 Ti Ventus 2X 8GB,8,41999,False,71700,1.7072,112000.0,0.6402,72000.0,-300.0,71500.0,200.0,69500.0,2200.0,60700.0,11000.0,71500.0,404.145188432736,0.0057,70600.0,1031.873008059586,0.0146,68600.0,3503.726430687649,0.0511,84.3,51.9,94.9,0.18
OBS-1160,LST-5060TI-8G-MD,2026-07-30,72500,True,0,False,RTX5060TI-8G-MSI-VENTUS,MDCOMPUTERS,RTX 5060 Ti,MSI,GeForce RTX 5060 Ti Ventus 2X 8GB,8,41999,False,72500,1.7262,112500.0,0.6444,71700.0,800.0,71200.0,1300.0,69200.0,3300.0,63500.0,9000.0,71700.0,404.145188432736,0.0056,71200.0,969.0446940402929,0.0136,69350.0,2985.910136065663,0.0431,84.38,50.1,94.5,0.18
OBS-1161,LST-5060TI-8G-VEDANT,2026-07-30,72200,True,0,False,RTX5060TI-8G-MSI-VENTUS,VEDANT,RTX 5060 Ti,MSI,GeForce RTX 5060 Ti Ventus 2X 8GB,8,41999,False,72200,1.7191,112500.0,0.6418,72500.0,-300.0,72000.0,200.0,70600.0,1600.0,63200.0,9000.0,72000.0,404.145188432736,0.0056,71500.0,770.2813338861035,0.0108,69900.0,2769.387205593654,0.0396,84.38,50.1,94.5,0.18
OBS-1006,LST-5070-12G-MD,2026-06-01,81500,True,0,False,RTX5070-12G-ASUS-TUF,MDCOMPUTERS,RTX 5070,ASUS,TUF Gaming GeForce RTX 5070 12GB,12,64999,True,81500,1.2539,81500.0,1.0,,,,,,,,,,0.0,0.0,,0.0,0.0,,0.0,0.0,83.5,50.2,100.0,0.18
OBS-1019,LST-5070-12G-MD,2026-06-05,84000,True,0,False,RTX5070-12G-ASUS-TUF,MDCOMPUTERS,RTX 5070,ASUS,TUF Gaming GeForce RTX 5070 12GB,12,64999,True,84000,1.2923,84000.0,1.0,81500.0,2500.0,,,,,,,81500.0,0.0,0.0,81500.0,0.0,0.0,81500.0,0.0,0.0,83.55,51.1,99.5,0.18
OBS-1032,LST-5070-12G-MD,2026-06-10,87500,True,0,False,RTX5070-12G-ASUS-TUF,MDCOMPUTERS,RTX 5070,ASUS,TUF Gaming GeForce RTX 5070 12GB,12,64999,True,87500,1.3462,87500.0,1.0,84000.0,3500.0,,,,,,,82750.0,1767.7669529663688,0.0214,82750.0,1767.7669529663688,0.0214,82750.0,1767.7669529663688,0.0214,83.62,49.8,99.1,0.18
OBS-1045,LST-5070-12G-MD,2026-06-15,91200,True,0,False,RTX5070-12G-ASUS-TUF,MDCOMPUTERS,RTX 5070,ASUS,TUF Gaming GeForce RTX 5070 12GB,12,64999,True,91200,1.4031,91200.0,1.0,87500.0,3700.0,81500.0,9700.0,,,,,84000.0,3013.856886670856,0.0359,84000.0,3013.856886670856,0.0359,84000.0,3013.856886670856,0.0359,83.7,52.4,98.6,0.18
OBS-1058,LST-5070-12G-MD,2026-06-20,95000,True,0,False,RTX5070-12G-ASUS-TUF,MDCOMPUTERS,RTX 5070,ASUS,TUF Gaming GeForce RTX 5070 12GB,12,64999,True,95000,1.4616,95000.0,1.0,91200.0,3800.0,84000.0,11000.0,,,,,87500.0,3600.462933198083,0.0411,85750.0,4224.136992728023,0.0493,85750.0,4224.136992728023,0.0493,83.78,51.0,98.2,0.18
OBS-1071,LST-5070-12G-MD,2026-06-25,98900,True,0,False,RTX5070-12G-ASUS-TUF,MDCOMPUTERS,RTX 5070,ASUS,TUF Gaming GeForce RTX 5070 12GB,12,64999,True,98900,1.5216,98900.0,1.0,95000.0,3900.0,87500.0,11400.0,,,,,91200.0,3750.1111094650705,0.0411,87500.0,5422.453319301146,0.062,87500.0,5422.453319301146,0.062,83.85,48.9,97.8,0.18
OBS-1084,LST-5070-12G-MD,2026-06-30,102800,True,0,False,RTX5070-12G-ASUS-TUF,MDCOMPUTERS,RTX 5070,ASUS,TUF Gaming GeForce RTX 5070 12GB,12,64999,True,102800,1.5816,102800.0,1.0,98900.0,3900.0,91200.0,11600.0,,,,,95000.0,3850.1082235871463,0.0405,89350.0,6626.436951082134,0.0742,89350.0,6626.436951082134,0.0742,83.92,50.5,97.2,0.18
OBS-1097,LST-5070-12G-MD,2026-07-05,105800,True,0,False,RTX5070-12G-ASUS-TUF,MDCOMPUTERS,RTX 5070,ASUS,TUF Gaming GeForce RTX 5070 12GB,12,64999,True,105800,1.6277,105800.0,1.0,102800.0,3000.0,95000.0,10800.0,81500.0,24300.0,,,98900.0,3900.000000000007,0.0394,91200.0,7821.09479609625,0.0858,91200.0,7821.09479609625,0.0858,84.0,52.0,96.8,0.18
OBS-1110,LST-5070-12G-MD,2026-07-10,108000,True,0,False,RTX5070-12G-ASUS-TUF,MDCOMPUTERS,RTX 5070,ASUS,TUF Gaming GeForce RTX 5070 12GB,12,64999,True,108000,1.6616,108000.0,1.0,105800.0,2200.0,98900.0,9100.0,84000.0,24000.0,,,102800.0,3459.7687784012464,0.0337,95000.0,8003.897859941806,0.0843,93100.0,8819.772834781115,0.0947,84.08,51.2,96.3,0.18
OBS-1123,LST-5070-12G-MD,2026-07-15,109800,True,0,False,RTX5070-12G-ASUS-TUF,MDCOMPUTERS,RTX 5070,ASUS,TUF Gaming GeForce RTX 5070 12GB,12,64999,True,109800,1.6893,109800.0,1.0,108000.0,1800.0,102800.0,7000.0,87500.0,22300.0,,,105800.0,2610.236260060264,0.0247,98900.0,7623.616189809397,0.0771,95000.0,9589.186618269561,0.1009,84.15,49.7,95.9,0.18
OBS-1136,LST-5070-12G-MD,2026-07-20,111000,True,0,False,RTX5070-12G-ASUS-TUF,MDCOMPUTERS,RTX 5070,ASUS,TUF Gaming GeForce RTX 5070 12GB,12,64999,True,111000,1.7077,111000.0,1.0,109800.0,1200.0,105800.0,5200.0,91200.0,19800.0,,,108000.0,2003.3305601755785,0.0185,102800.0,6907.449394882115,0.0672,96950.0,10185.201683488322,0.1051,84.22,50.8,95.4,0.18
OBS-1149,LST-5070-12G-MD,2026-07-25,112000,True,0,False,RTX5070-12G-ASUS-TUF,MDCOMPUTERS,RTX 5070,ASUS,TUF Gaming GeForce RTX 5070 12GB,12,64999,True,112000,1.7231,112000.0,1.0,111000.0,1000.0,108000.0,4000.0,95000.0,17000.0,,,109800.0,1509.9668870541686,0.0138,105800.0,5898.789222011106,0.0558,98900.0,10611.794467392489,0.1073,84.3,51.9,94.9,0.18
OBS-1162,LST-5070-12G-MD,2026-07-30,112500,True,0,False,RTX5070-12G-ASUS-TUF,MDCOMPUTERS,RTX 5070,ASUS,TUF Gaming GeForce RTX 5070 12GB,12,64999,True,112500,1.7308,112500.0,1.0,112000.0,500.0,109800.0,2700.0,98900.0,13600.0,,,111000.0,1101.5141094572477,0.0099,108000.0,4733.920151417854,0.0438,100850.0,10919.745113020419,0.1083,84.38,50.1,94.5,0.18
OBS-1007,LST-5070TI-16G-PRIME,2026-06-01,106500,True,250,False,RTX5070TI-16G-ZOTAC-TRIN,PRIMEABGB,RTX 5070 Ti,ZOTAC,Gaming GeForce RTX 5070 Ti Trinity 16GB,16,84999,False,106750,1.2559,81500.0,1.3098,,,,,,,,,,0.0,0.0,,0.0,0.0,,0.0,0.0,83.5,50.2,100.0,0.18
OBS-1020,LST-5070TI-16G-PRIME,2026-06-05,109800,True,250,False,RTX5070TI-16G-ZOTAC-TRIN,PRIMEABGB,RTX 5070 Ti,ZOTAC,Gaming GeForce RTX 5070 Ti Trinity 16GB,16,84999,False,110050,1.2947,84000.0,1.3101,106750.0,3300.0,,,,,,,106750.0,0.0,0.0,106750.0,0.0,0.0,106750.0,0.0,0.0,83.55,51.1,99.5,0.18
OBS-1033,LST-5070TI-16G-PRIME,2026-06-10,114000,True,250,False,RTX5070TI-16G-ZOTAC-TRIN,PRIMEABGB,RTX 5070 Ti,ZOTAC,Gaming GeForce RTX 5070 Ti Trinity 16GB,16,84999,False,114250,1.3441,87500.0,1.3057,110050.0,4200.0,,,,,,,108400.0,2333.452377915607,0.0215,108400.0,2333.452377915607,0.0215,108400.0,2333.452377915607,0.0215,83.62,49.8,99.1,0.18
OBS-1046,LST-5070TI-16G-PRIME,2026-06-15,118800,True,250,False,RTX5070TI-16G-ZOTAC-TRIN,PRIMEABGB,RTX 5070 Ti,ZOTAC,Gaming GeForce RTX 5070 Ti Trinity 16GB,16,84999,False,119050,1.4006,91200.0,1.3054,114250.0,4800.0,106750.0,12300.0,,,,,110050.0,3758.9892258425,0.0342,110050.0,3758.9892258425,0.0342,110050.0,3758.9892258425,0.0342,83.7,52.4,98.6,0.18
OBS-1059,LST-5070TI-16G-PRIME,2026-06-20,123500,True,250,False,RTX5070TI-16G-ZOTAC-TRIN,PRIMEABGB,RTX 5070 Ti,ZOTAC,Gaming GeForce RTX 5070 Ti Trinity 16GB,16,84999,False,123750,1.4559,95000.0,1.3026,119050.0,4700.0,110050.0,13700.0,,,,,114250.0,4503.332099679081,0.0394,112150.0,5323.767462990847,0.0475,112150.0,5323.767462990847,0.0475,83.78,51.0,98.2,0.18
OBS-1072,LST-5070TI-16G-PRIME,2026-06-25,128500,True,250,False,RTX5070TI-16G-ZOTAC-TRIN,PRIMEABGB,RTX 5070 Ti,ZOTAC,Gaming GeForce RTX 5070 Ti Trinity 16GB,16,84999,False,128750,1.5147,98900.0,1.3018,123750.0,5000.0,114250.0,14500.0,,,,,119050.0,4750.087718488293,0.0399,114250.0,6815.93720628352,0.0597,114250.0,6815.93720628352,0.0597,83.85,48.9,97.8,0.18
OBS-1085,LST-5070TI-16G-PRIME,2026-06-30,133600,True,250,False,RTX5070TI-16G-ZOTAC-TRIN,PRIMEABGB,RTX 5070 Ti,ZOTAC,Gaming GeForce RTX 5070 Ti Trinity 16GB,16,84999,False,133850,1.5747,102800.0,1.302,128750.0,5100.0,119050.0,14800.0,,,,,123750.0,4850.773134253958,0.0392,116650.0,8350.98796550444,0.0716,116650.0,8350.98796550444,0.0716,83.92,50.5,97.2,0.18
OBS-1098,LST-5070TI-16G-PRIME,2026-07-05,137500,True,250,False,RTX5070TI-16G-ZOTAC-TRIN,PRIMEABGB,RTX 5070 Ti,ZOTAC,Gaming GeForce RTX 5070 Ti Trinity 16GB,16,84999,False,137750,1.6206,105800.0,1.302,133850.0,3900.0,123750.0,14000.0,106750.0,31000.0,,,128750.0,5050.082507576813,0.0392,119050.0,9909.399097634046,0.0832,119050.0,9909.399097634046,0.0832,84.0,52.0,96.8,0.18
OBS-1111,LST-5070TI-16G-PRIME,2026-07-10,140200,True,250,False,RTX5070TI-16G-ZOTAC-TRIN,PRIMEABGB,RTX 5070 Ti,ZOTAC,Gaming GeForce RTX 5070 Ti Trinity 16GB,16,84999,False,140450,1.6524,108000.0,1.3005,137750.0,2700.0,128750.0,11700.0,110050.0,30400.0,,,133850.0,4513.313638558703,0.0337,123750.0,10188.50893338737,0.0823,121400.0,11217.556392930299,0.0924,84.08,51.2,96.3,0.18
OBS-1124,LST-5070TI-16G-PRIME,2026-07-15,142500,True,250,False,RTX5070TI-16G-ZOTAC-TRIN,PRIMEABGB,RTX 5070 Ti,ZOTAC,Gaming GeForce RTX 5070 Ti Trinity 16GB,16,84999,False,142750,1.6794,109800.0,1.3001,140450.0,2300.0,133850.0,8900.0,114250.0,28500.0,,,137750.0,3318.132004607412,0.0241,128750.0,9760.366893962631,0.0758,123750.0,12200.61473861051,0.0986,84.15,49.7,95.9,0.18
OBS-1137,LST-5070TI-16G-PRIME,2026-07-20,144200,True,250,False,RTX5070TI-16G-ZOTAC-TRIN,PRIMEABGB,RTX 5070 Ti,ZOTAC,Gaming GeForce RTX 5070 Ti Trinity 16GB,16,84999,False,144450,1.6994,111000.0,1.3014,142750.0,1700.0,137750.0,6700.0,119050.0,25400.0,,,140450.0,2502.665245959466,0.0178,133850.0,8841.083751710627,0.0661,126250.0,12962.891481284396,0.1027,84.22,50.8,95.4,0.18
OBS-1150,LST-5070TI-16G-PRIME,2026-07-25,145800,True,250,False,RTX5070TI-16G-ZOTAC-TRIN,PRIMEABGB,RTX 5070 Ti,ZOTAC,Gaming GeForce RTX 5070 Ti Trinity 16GB,16,84999,False,146050,1.7183,112000.0,1.304,144450.0,1600.0,140450.0,5600.0,123750.0,22300.0,,,142750.0,2007.4859899884832,0.0141,137750.0,7605.574396767259,0.0552,128750.0,13529.852515489927,0.1051,84.3,51.9,94.9,0.18
OBS-1163,LST-5070TI-16G-PRIME,2026-07-30,146500,True,250,False,RTX5070TI-16G-ZOTAC-TRIN,PRIMEABGB,RTX 5070 Ti,ZOTAC,Gaming GeForce RTX 5070 Ti Trinity 16GB,16,84999,False,146750,1.7265,112500.0,1.3044,146050.0,700.0,142750.0,4000.0,128750.0,18000.0,,,144450.0,1650.2525059315574,0.0114,140450.0,6171.979693204855,0.0439,131300.0,13974.031651819765,0.1064,84.38,50.1,94.5,0.18
